PRAGMA foreign_keys=OFF;
BEGIN TRANSACTION;
CREATE TABLE alembic_version (
	version_num VARCHAR(32) NOT NULL, 
	CONSTRAINT alembic_version_pkc PRIMARY KEY (version_num)
);
INSERT INTO alembic_version VALUES('644a8a746cc2');
CREATE TABLE occupancy (
	id INTEGER NOT NULL, 
	time DATETIME DEFAULT (CURRENT_TIMESTAMP) NOT NULL, 
	room VARCHAR NOT NULL, 
	occupancy FLOAT NOT NULL, 
	PRIMARY KEY (id)
);
INSERT INTO occupancy VALUES(39,'2025-05-21 19:15:00','Learning Lab',0.0133329999999999993);
INSERT INTO occupancy VALUES(40,'2025-05-21 19:15:37','Learning Lab',0.0266669999999999997);
INSERT INTO occupancy VALUES(41,'2025-05-21 19:16:05','Learning Lab',0.0400000000000000008);
INSERT INTO occupancy VALUES(42,'2025-05-21 19:17:23','Learning Lab',0.0266669999999999997);
INSERT INTO occupancy VALUES(43,'2025-05-21 19:18:40','Learning Lab',0.066667000000000004);
INSERT INTO occupancy VALUES(44,'2025-05-21 19:19:06','Learning Lab',0.0);
INSERT INTO occupancy VALUES(45,'2025-05-21 19:20:26','Learning Lab',0.173332999999999987);
INSERT INTO occupancy VALUES(46,'2025-05-21 19:21:13','Learning Lab',0.0933329999999999993);
INSERT INTO occupancy VALUES(47,'2025-05-21 19:21:51','Learning Lab',0.106666999999999997);
INSERT INTO occupancy VALUES(48,'2025-05-21 19:23:11','Learning Lab',0.106666999999999997);
INSERT INTO occupancy VALUES(49,'2025-05-21 19:24:30','Learning Lab',0.0533329999999999984);
INSERT INTO occupancy VALUES(50,'2025-05-21 19:25:47','Learning Lab',0.0);
INSERT INTO occupancy VALUES(51,'2025-05-21 19:26:28','Learning Lab',0.0);
INSERT INTO occupancy VALUES(52,'2025-05-21 19:26:53','Learning Lab',0.0);
INSERT INTO occupancy VALUES(53,'2025-05-21 19:28:20','Learning Lab',0.0);
INSERT INTO occupancy VALUES(54,'2025-05-21 19:28:52','Learning Lab',0.0);
INSERT INTO occupancy VALUES(55,'2025-05-21 19:29:22','Learning Lab',0.0);
INSERT INTO occupancy VALUES(56,'2025-05-21 19:30:07','Learning Lab',0.0);
INSERT INTO occupancy VALUES(57,'2025-05-21 19:30:54','Learning Lab',0.0);
INSERT INTO occupancy VALUES(58,'2025-05-21 19:31:22','Learning Lab',0.0);
INSERT INTO occupancy VALUES(59,'2025-05-21 19:31:54','Learning Lab',0.0);
INSERT INTO occupancy VALUES(60,'2025-05-21 19:32:28','Learning Lab',0.0);
INSERT INTO occupancy VALUES(61,'2025-05-21 19:33:51','Learning Lab',0.0);
INSERT INTO occupancy VALUES(62,'2025-05-21 19:34:31','Learning Lab',0.0);
INSERT INTO occupancy VALUES(63,'2025-05-21 19:35:04','Learning Lab',0.0);
INSERT INTO occupancy VALUES(64,'2025-05-21 19:35:50','Learning Lab',0.0266669999999999997);
INSERT INTO occupancy VALUES(65,'2025-05-21 19:36:29','Learning Lab',0.0400000000000000008);
INSERT INTO occupancy VALUES(66,'2025-05-22 14:19:11','Learning Lab',2.87999999999999989);
INSERT INTO occupancy VALUES(67,'2025-05-22 14:20:34','Learning Lab',2.73333300000000001);
INSERT INTO occupancy VALUES(68,'2025-05-22 14:21:58','Learning Lab',3.16000000000000014);
INSERT INTO occupancy VALUES(69,'2025-05-22 14:23:21','Learning Lab',3.04000000000000003);
INSERT INTO occupancy VALUES(70,'2025-05-22 14:24:44','Learning Lab',2.95999999999999996);
INSERT INTO occupancy VALUES(71,'2025-05-22 14:26:07','Learning Lab',2.81333300000000008);
INSERT INTO occupancy VALUES(72,'2025-05-22 14:27:30','Learning Lab',2.86666700000000007);
INSERT INTO occupancy VALUES(73,'2025-05-22 14:28:54','Learning Lab',3.05333299999999985);
INSERT INTO occupancy VALUES(74,'2025-05-22 14:30:18','Learning Lab',3.09333299999999988);
INSERT INTO occupancy VALUES(75,'2025-05-22 14:31:42','Learning Lab',2.81333300000000008);
INSERT INTO occupancy VALUES(76,'2025-05-22 14:33:05','Learning Lab',2.82666700000000004);
INSERT INTO occupancy VALUES(77,'2025-05-22 14:34:28','Learning Lab',2.90666700000000011);
INSERT INTO occupancy VALUES(78,'2025-05-22 14:35:52','Learning Lab',2.69333299999999997);
INSERT INTO occupancy VALUES(79,'2025-05-22 14:37:15','Learning Lab',2.75999999999999978);
INSERT INTO occupancy VALUES(80,'2025-05-22 14:38:38','Learning Lab',2.91999999999999992);
INSERT INTO occupancy VALUES(81,'2025-05-22 14:40:01','Learning Lab',3.21333299999999999);
INSERT INTO occupancy VALUES(82,'2025-05-22 14:41:23','Learning Lab',2.97333299999999978);
INSERT INTO occupancy VALUES(83,'2025-05-22 14:42:46','Learning Lab',2.94666700000000014);
INSERT INTO occupancy VALUES(84,'2025-05-22 14:44:10','Learning Lab',3.13333299999999992);
INSERT INTO occupancy VALUES(85,'2025-05-22 14:45:33','Learning Lab',2.97333299999999978);
INSERT INTO occupancy VALUES(86,'2025-05-22 14:46:56','Learning Lab',2.89333300000000015);
INSERT INTO occupancy VALUES(87,'2025-05-22 14:48:20','Learning Lab',2.86666700000000007);
INSERT INTO occupancy VALUES(88,'2025-05-22 14:49:46','Learning Lab',2.87999999999999989);
INSERT INTO occupancy VALUES(89,'2025-05-22 14:51:12','Learning Lab',2.75999999999999978);
INSERT INTO occupancy VALUES(90,'2025-05-22 14:52:35','Learning Lab',2.72000000000000019);
INSERT INTO occupancy VALUES(91,'2025-05-22 14:53:58','Learning Lab',2.60000000000000008);
INSERT INTO occupancy VALUES(92,'2025-05-22 14:55:21','Learning Lab',2.56000000000000005);
INSERT INTO occupancy VALUES(93,'2025-05-22 14:56:44','Learning Lab',2.5066670000000002);
INSERT INTO occupancy VALUES(94,'2025-05-22 14:58:08','Learning Lab',2.64000000000000012);
INSERT INTO occupancy VALUES(95,'2025-05-22 14:59:31','Learning Lab',2.47999999999999998);
INSERT INTO occupancy VALUES(96,'2025-05-22 15:00:54','Learning Lab',2.49333299999999979);
INSERT INTO occupancy VALUES(97,'2025-05-22 15:02:17','Learning Lab',2.49333299999999979);
INSERT INTO occupancy VALUES(98,'2025-05-22 15:03:40','Learning Lab',2.4533330000000002);
INSERT INTO occupancy VALUES(99,'2025-05-22 15:05:04','Learning Lab',2.70666599999999979);
INSERT INTO occupancy VALUES(100,'2025-05-22 15:06:27','Learning Lab',2.5066670000000002);
INSERT INTO occupancy VALUES(101,'2025-05-22 15:07:50','Learning Lab',2.46666700000000016);
INSERT INTO occupancy VALUES(102,'2025-05-22 15:09:14','Learning Lab',2.22666699999999995);
INSERT INTO occupancy VALUES(103,'2025-05-22 15:10:37','Learning Lab',2.54666699999999979);
INSERT INTO occupancy VALUES(104,'2025-05-22 15:12:01','Learning Lab',2.62666699999999986);
INSERT INTO occupancy VALUES(105,'2025-05-22 15:13:24','Learning Lab',2.53333299999999983);
INSERT INTO occupancy VALUES(106,'2025-05-22 15:14:47','Learning Lab',2.31999999999999984);
INSERT INTO occupancy VALUES(107,'2025-05-22 15:16:11','Learning Lab',2.64000000000000012);
INSERT INTO occupancy VALUES(108,'2025-05-22 15:17:34','Learning Lab',2.64000000000000012);
INSERT INTO occupancy VALUES(109,'2025-05-22 15:18:57','Learning Lab',2.60000000000000008);
INSERT INTO occupancy VALUES(110,'2025-05-22 15:20:20','Learning Lab',2.72000000000000019);
INSERT INTO occupancy VALUES(111,'2025-05-22 15:21:44','Learning Lab',2.52000000000000001);
INSERT INTO occupancy VALUES(112,'2025-05-22 15:23:07','Learning Lab',2.52000000000000001);
INSERT INTO occupancy VALUES(113,'2025-05-22 15:24:31','Learning Lab',2.65333299999999994);
INSERT INTO occupancy VALUES(114,'2025-05-22 15:25:54','Learning Lab',2.65333299999999994);
INSERT INTO occupancy VALUES(115,'2025-05-22 15:27:18','Learning Lab',2.58666699999999982);
INSERT INTO occupancy VALUES(116,'2025-05-22 15:28:42','Learning Lab',2.6133329999999999);
INSERT INTO occupancy VALUES(117,'2025-05-22 15:30:05','Learning Lab',2.66666699999999989);
INSERT INTO occupancy VALUES(118,'2025-05-22 15:31:28','Learning Lab',2.47999999999999998);
INSERT INTO occupancy VALUES(119,'2025-05-22 15:32:52','Learning Lab',2.65333299999999994);
INSERT INTO occupancy VALUES(120,'2025-05-22 15:34:15','Learning Lab',2.49333299999999979);
INSERT INTO occupancy VALUES(121,'2025-05-22 15:35:38','Learning Lab',2.5066670000000002);
INSERT INTO occupancy VALUES(122,'2025-05-22 15:37:02','Learning Lab',2.26666699999999998);
INSERT INTO occupancy VALUES(123,'2025-05-22 15:38:26','Learning Lab',2.30666700000000002);
INSERT INTO occupancy VALUES(124,'2025-05-22 15:39:49','Learning Lab',2.2933340000000002);
INSERT INTO occupancy VALUES(125,'2025-05-22 15:41:12','Learning Lab',2.34666700000000005);
INSERT INTO occupancy VALUES(126,'2025-05-22 15:42:36','Learning Lab',2.35999999999999987);
INSERT INTO occupancy VALUES(127,'2025-05-22 15:43:59','Learning Lab',2.39999999999999991);
INSERT INTO occupancy VALUES(128,'2025-05-22 15:45:22','Learning Lab',2.4533330000000002);
INSERT INTO occupancy VALUES(129,'2025-05-22 15:46:44','Learning Lab',2.42666700000000012);
INSERT INTO occupancy VALUES(130,'2025-05-22 15:48:08','Learning Lab',2.39999999999999991);
INSERT INTO occupancy VALUES(131,'2025-05-22 15:49:32','Learning Lab',2.26666699999999998);
INSERT INTO occupancy VALUES(132,'2025-05-22 15:50:54','Learning Lab',2.5066670000000002);
INSERT INTO occupancy VALUES(133,'2025-05-22 15:57:50','C140',0.181818000000000007);
INSERT INTO occupancy VALUES(134,'2025-05-22 15:59:14','C140',0.0584420000000000008);
INSERT INTO occupancy VALUES(135,'2025-05-22 15:59:56','C140',0.0227270000000000006);
INSERT INTO occupancy VALUES(136,'2025-05-22 16:00:36','C140',0.0194809999999999983);
INSERT INTO occupancy VALUES(137,'2025-05-22 16:01:20','C140',0.0);
INSERT INTO occupancy VALUES(138,'2025-05-22 16:01:49','C140',0.0);
INSERT INTO occupancy VALUES(139,'2025-05-22 16:03:06','C140',0.0129870000000000002);
INSERT INTO occupancy VALUES(140,'2025-05-22 16:03:58','C140',0.0);
INSERT INTO occupancy VALUES(141,'2025-05-22 16:05:06','C140',0.0357140000000000026);
INSERT INTO occupancy VALUES(142,'2025-05-22 16:05:33','C140',0.0162339999999999984);
INSERT INTO occupancy VALUES(143,'2025-05-22 16:06:49','C140',0.00974000000000000039);
INSERT INTO occupancy VALUES(144,'2025-05-22 16:07:12','C140',0.0);
INSERT INTO occupancy VALUES(145,'2025-05-22 16:07:58','C140',0.0);
INSERT INTO occupancy VALUES(146,'2025-05-22 16:08:27','C140',0.0194809999999999983);
INSERT INTO occupancy VALUES(147,'2025-05-22 16:08:56','C140',0.0584420000000000008);
INSERT INTO occupancy VALUES(148,'2025-05-22 16:10:11','C140',0.0779220000000000051);
INSERT INTO occupancy VALUES(149,'2025-05-22 16:10:51','C140',0.0422080000000000024);
INSERT INTO occupancy VALUES(150,'2025-05-22 16:11:21','C140',0.081169000000000005);
INSERT INTO occupancy VALUES(151,'2025-05-22 16:12:40','C140',0.055195000000000001);
INSERT INTO occupancy VALUES(152,'2025-05-22 16:13:59','C140',0.00649399999999999977);
INSERT INTO occupancy VALUES(153,'2025-05-22 16:14:59','C140',0.0);
INSERT INTO occupancy VALUES(154,'2025-05-22 16:15:33','C140',0.0);
INSERT INTO occupancy VALUES(155,'2025-05-22 16:16:05','C140',0.0);
INSERT INTO occupancy VALUES(156,'2025-05-22 16:16:26','C140',0.0);
INSERT INTO occupancy VALUES(157,'2025-05-22 16:17:53','C140',0.0);
INSERT INTO occupancy VALUES(158,'2025-05-22 16:54:20','C140',0.0129870000000000002);
INSERT INTO occupancy VALUES(159,'2025-05-22 16:55:56','C140',0.0129870000000000002);
INSERT INTO occupancy VALUES(160,'2025-05-22 16:57:14','C140',0.00324699999999999988);
INSERT INTO occupancy VALUES(161,'2025-05-22 16:58:18','C140',0.0);
INSERT INTO occupancy VALUES(162,'2025-05-22 17:01:22','C140',0.0129870000000000002);
INSERT INTO occupancy VALUES(163,'2025-05-22 17:01:56','C140',0.0129870000000000002);
INSERT INTO occupancy VALUES(164,'2025-05-22 17:03:08','C140',0.0259740000000000005);
INSERT INTO occupancy VALUES(165,'2025-05-22 17:04:32','C140',0.0292210000000000004);
INSERT INTO occupancy VALUES(166,'2025-05-22 17:05:55','C140',0.0324679999999999968);
INSERT INTO occupancy VALUES(167,'2025-05-22 17:07:19','C140',0.0292210000000000004);
INSERT INTO occupancy VALUES(168,'2025-05-22 17:08:46','C140',0.0162339999999999984);
INSERT INTO occupancy VALUES(169,'2025-05-22 17:10:10','C140',0.0129870000000000002);
INSERT INTO occupancy VALUES(170,'2025-05-22 17:11:33','C140',0.0162339999999999984);
INSERT INTO occupancy VALUES(171,'2025-05-22 17:46:43','Learning Lab',0.0);
INSERT INTO occupancy VALUES(172,'2025-05-22 17:48:08','Learning Lab',0.0200000000000000004);
INSERT INTO occupancy VALUES(173,'2025-05-22 17:49:37','Learning Lab',0.0899999999999999966);
CREATE TABLE recordings (
	id INTEGER NOT NULL, 
	time DATETIME DEFAULT (CURRENT_TIMESTAMP) NOT NULL, 
	room VARCHAR NOT NULL, 
	room_capacity INTEGER NOT NULL, 
	room_empty_device_count INTEGER NOT NULL, 
	room_device_per_person FLOAT NOT NULL, 
	device_count INTEGER NOT NULL, 
	people_count FLOAT NOT NULL, 
	occupancy FLOAT NOT NULL, 
	PRIMARY KEY (id)
);
INSERT INTO recordings VALUES(26,'2025-05-21 19:15:00','Learning Lab',30,29,2.5,30,0.400000000000000022,0.0133329999999999993);
INSERT INTO recordings VALUES(27,'2025-05-21 19:15:37','Learning Lab',30,29,2.5,31,0.800000000000000044,0.0266669999999999997);
INSERT INTO recordings VALUES(28,'2025-05-21 19:16:05','Learning Lab',30,29,2.5,32,1.19999999999999995,0.0400000000000000008);
INSERT INTO recordings VALUES(29,'2025-05-21 19:17:23','Learning Lab',30,29,2.5,31,0.800000000000000044,0.0266669999999999997);
INSERT INTO recordings VALUES(30,'2025-05-21 19:18:40','Learning Lab',30,29,2.5,34,2.0,0.066667000000000004);
INSERT INTO recordings VALUES(31,'2025-05-21 19:19:06','Learning Lab',30,29,2.5,27,0.0,0.0);
INSERT INTO recordings VALUES(32,'2025-05-21 19:20:26','Learning Lab',30,22,2.5,35,5.20000000000000017,0.173332999999999987);
INSERT INTO recordings VALUES(33,'2025-05-21 19:21:13','Learning Lab',30,22,2.5,29,2.79999999999999982,0.0933329999999999993);
INSERT INTO recordings VALUES(34,'2025-05-21 19:21:51','Learning Lab',30,22,2.5,30,3.20000000000000017,0.106666999999999997);
INSERT INTO recordings VALUES(35,'2025-05-21 19:23:11','Learning Lab',30,22,2.5,30,3.20000000000000017,0.106666999999999997);
INSERT INTO recordings VALUES(36,'2025-05-21 19:24:30','Learning Lab',30,22,2.5,26,1.60000000000000008,0.0533329999999999984);
INSERT INTO recordings VALUES(37,'2025-05-21 19:25:47','Learning Lab',30,22,2.5,18,0.0,0.0);
INSERT INTO recordings VALUES(38,'2025-05-21 19:26:28','Learning Lab',30,22,2.5,18,0.0,0.0);
INSERT INTO recordings VALUES(39,'2025-05-21 19:26:53','Learning Lab',30,22,2.5,21,0.0,0.0);
INSERT INTO recordings VALUES(40,'2025-05-21 19:28:20','Learning Lab',30,22,2.5,15,0.0,0.0);
INSERT INTO recordings VALUES(41,'2025-05-21 19:28:52','Learning Lab',30,22,2.5,11,0.0,0.0);
INSERT INTO recordings VALUES(42,'2025-05-21 19:29:22','Learning Lab',30,22,2.5,16,0.0,0.0);
INSERT INTO recordings VALUES(43,'2025-05-21 19:30:07','Learning Lab',30,22,2.5,22,0.0,0.0);
INSERT INTO recordings VALUES(44,'2025-05-21 19:30:54','Learning Lab',30,22,2.5,16,0.0,0.0);
INSERT INTO recordings VALUES(45,'2025-05-21 19:31:22','Learning Lab',30,22,2.5,13,0.0,0.0);
INSERT INTO recordings VALUES(46,'2025-05-21 19:31:54','Learning Lab',30,22,2.5,12,0.0,0.0);
INSERT INTO recordings VALUES(47,'2025-05-21 19:32:28','Learning Lab',30,22,2.5,11,0.0,0.0);
INSERT INTO recordings VALUES(48,'2025-05-21 19:33:51','Learning Lab',30,22,2.5,10,0.0,0.0);
INSERT INTO recordings VALUES(49,'2025-05-21 19:34:31','Learning Lab',30,22,2.5,17,0.0,0.0);
INSERT INTO recordings VALUES(50,'2025-05-21 19:35:04','Learning Lab',30,22,2.5,20,0.0,0.0);
INSERT INTO recordings VALUES(51,'2025-05-21 19:35:50','Learning Lab',30,11,2.5,13,0.800000000000000044,0.0266669999999999997);
INSERT INTO recordings VALUES(52,'2025-05-21 19:36:29','Learning Lab',30,11,2.5,14,1.19999999999999995,0.0400000000000000008);
INSERT INTO recordings VALUES(53,'2025-05-22 14:19:11','Learning Lab',30,11,2.5,227,86.4000020000000006,2.87999999999999989);
INSERT INTO recordings VALUES(54,'2025-05-22 14:20:34','Learning Lab',30,11,2.5,216,82.0,2.73333300000000001);
INSERT INTO recordings VALUES(55,'2025-05-22 14:21:58','Learning Lab',30,11,2.5,248,94.8000030000000038,3.16000000000000014);
INSERT INTO recordings VALUES(56,'2025-05-22 14:23:21','Learning Lab',30,11,2.5,239,91.1999969999999962,3.04000000000000003);
INSERT INTO recordings VALUES(57,'2025-05-22 14:24:44','Learning Lab',30,11,2.5,233,88.8000030000000038,2.95999999999999996);
INSERT INTO recordings VALUES(58,'2025-05-22 14:26:07','Learning Lab',30,11,2.5,222,84.4000020000000006,2.81333300000000008);
INSERT INTO recordings VALUES(59,'2025-05-22 14:27:30','Learning Lab',30,11,2.5,226,86.0,2.86666700000000007);
INSERT INTO recordings VALUES(60,'2025-05-22 14:28:54','Learning Lab',30,11,2.5,240,91.5999979999999993,3.05333299999999985);
INSERT INTO recordings VALUES(61,'2025-05-22 14:30:18','Learning Lab',30,11,2.5,243,92.8000030000000038,3.09333299999999988);
INSERT INTO recordings VALUES(62,'2025-05-22 14:31:42','Learning Lab',30,11,2.5,222,84.4000020000000006,2.81333300000000008);
INSERT INTO recordings VALUES(63,'2025-05-22 14:33:05','Learning Lab',30,11,2.5,223,84.8000030000000038,2.82666700000000004);
INSERT INTO recordings VALUES(64,'2025-05-22 14:34:28','Learning Lab',30,11,2.5,229,87.1999969999999962,2.90666700000000011);
INSERT INTO recordings VALUES(65,'2025-05-22 14:35:52','Learning Lab',30,11,2.5,213,80.8000030000000038,2.69333299999999997);
INSERT INTO recordings VALUES(66,'2025-05-22 14:37:15','Learning Lab',30,11,2.5,218,82.8000030000000038,2.75999999999999978);
INSERT INTO recordings VALUES(67,'2025-05-22 14:38:38','Learning Lab',30,11,2.5,230,87.5999979999999993,2.91999999999999992);
INSERT INTO recordings VALUES(68,'2025-05-22 14:40:01','Learning Lab',30,11,2.5,252,96.4000020000000006,3.21333299999999999);
INSERT INTO recordings VALUES(69,'2025-05-22 14:41:23','Learning Lab',30,11,2.5,234,89.1999969999999962,2.97333299999999978);
INSERT INTO recordings VALUES(70,'2025-05-22 14:42:46','Learning Lab',30,11,2.5,232,88.4000020000000006,2.94666700000000014);
INSERT INTO recordings VALUES(71,'2025-05-22 14:44:10','Learning Lab',30,11,2.5,246,94.0,3.13333299999999992);
INSERT INTO recordings VALUES(72,'2025-05-22 14:45:33','Learning Lab',30,11,2.5,234,89.1999969999999962,2.97333299999999978);
INSERT INTO recordings VALUES(73,'2025-05-22 14:46:56','Learning Lab',30,11,2.5,228,86.8000030000000038,2.89333300000000015);
INSERT INTO recordings VALUES(74,'2025-05-22 14:48:20','Learning Lab',30,11,2.5,226,86.0,2.86666700000000007);
INSERT INTO recordings VALUES(75,'2025-05-22 14:49:46','Learning Lab',30,11,2.5,227,86.4000020000000006,2.87999999999999989);
INSERT INTO recordings VALUES(76,'2025-05-22 14:51:12','Learning Lab',30,11,2.5,218,82.8000030000000038,2.75999999999999978);
INSERT INTO recordings VALUES(77,'2025-05-22 14:52:35','Learning Lab',30,11,2.5,215,81.5999979999999993,2.72000000000000019);
INSERT INTO recordings VALUES(78,'2025-05-22 14:53:58','Learning Lab',30,11,2.5,206,78.0,2.60000000000000008);
INSERT INTO recordings VALUES(79,'2025-05-22 14:55:21','Learning Lab',30,11,2.5,203,76.8000030000000038,2.56000000000000005);
INSERT INTO recordings VALUES(80,'2025-05-22 14:56:44','Learning Lab',30,11,2.5,199,75.1999969999999962,2.5066670000000002);
INSERT INTO recordings VALUES(81,'2025-05-22 14:58:08','Learning Lab',30,11,2.5,209,79.1999969999999962,2.64000000000000012);
INSERT INTO recordings VALUES(82,'2025-05-22 14:59:31','Learning Lab',30,11,2.5,197,74.4000020000000006,2.47999999999999998);
INSERT INTO recordings VALUES(83,'2025-05-22 15:00:54','Learning Lab',30,11,2.5,198,74.8000030000000038,2.49333299999999979);
INSERT INTO recordings VALUES(84,'2025-05-22 15:02:17','Learning Lab',30,11,2.5,198,74.8000030000000038,2.49333299999999979);
INSERT INTO recordings VALUES(85,'2025-05-22 15:03:40','Learning Lab',30,11,2.5,195,73.5999979999999993,2.4533330000000002);
INSERT INTO recordings VALUES(86,'2025-05-22 15:05:04','Learning Lab',30,11,2.5,214,81.1999969999999962,2.70666599999999979);
INSERT INTO recordings VALUES(87,'2025-05-22 15:06:27','Learning Lab',30,11,2.5,199,75.1999969999999962,2.5066670000000002);
INSERT INTO recordings VALUES(88,'2025-05-22 15:07:50','Learning Lab',30,11,2.5,196,74.0,2.46666700000000016);
INSERT INTO recordings VALUES(89,'2025-05-22 15:09:14','Learning Lab',30,11,2.5,178,66.8000030000000038,2.22666699999999995);
INSERT INTO recordings VALUES(90,'2025-05-22 15:10:37','Learning Lab',30,11,2.5,202,76.4000020000000006,2.54666699999999979);
INSERT INTO recordings VALUES(91,'2025-05-22 15:12:01','Learning Lab',30,11,2.5,208,78.8000030000000038,2.62666699999999986);
INSERT INTO recordings VALUES(92,'2025-05-22 15:13:24','Learning Lab',30,11,2.5,201,76.0,2.53333299999999983);
INSERT INTO recordings VALUES(93,'2025-05-22 15:14:47','Learning Lab',30,11,2.5,185,69.5999979999999993,2.31999999999999984);
INSERT INTO recordings VALUES(94,'2025-05-22 15:16:11','Learning Lab',30,11,2.5,209,79.1999969999999962,2.64000000000000012);
INSERT INTO recordings VALUES(95,'2025-05-22 15:17:34','Learning Lab',30,11,2.5,209,79.1999969999999962,2.64000000000000012);
INSERT INTO recordings VALUES(96,'2025-05-22 15:18:57','Learning Lab',30,11,2.5,206,78.0,2.60000000000000008);
INSERT INTO recordings VALUES(97,'2025-05-22 15:20:20','Learning Lab',30,11,2.5,215,81.5999979999999993,2.72000000000000019);
INSERT INTO recordings VALUES(98,'2025-05-22 15:21:44','Learning Lab',30,11,2.5,200,75.5999979999999993,2.52000000000000001);
INSERT INTO recordings VALUES(99,'2025-05-22 15:23:07','Learning Lab',30,11,2.5,200,75.5999979999999993,2.52000000000000001);
INSERT INTO recordings VALUES(100,'2025-05-22 15:24:31','Learning Lab',30,11,2.5,210,79.5999979999999993,2.65333299999999994);
INSERT INTO recordings VALUES(101,'2025-05-22 15:25:54','Learning Lab',30,11,2.5,210,79.5999979999999993,2.65333299999999994);
INSERT INTO recordings VALUES(102,'2025-05-22 15:27:18','Learning Lab',30,11,2.5,205,77.5999979999999993,2.58666699999999982);
INSERT INTO recordings VALUES(103,'2025-05-22 15:28:42','Learning Lab',30,11,2.5,207,78.4000020000000006,2.6133329999999999);
INSERT INTO recordings VALUES(104,'2025-05-22 15:30:05','Learning Lab',30,11,2.5,211,80.0,2.66666699999999989);
INSERT INTO recordings VALUES(105,'2025-05-22 15:31:28','Learning Lab',30,11,2.5,197,74.4000020000000006,2.47999999999999998);
INSERT INTO recordings VALUES(106,'2025-05-22 15:32:52','Learning Lab',30,11,2.5,210,79.5999979999999993,2.65333299999999994);
INSERT INTO recordings VALUES(107,'2025-05-22 15:34:15','Learning Lab',30,11,2.5,198,74.8000030000000038,2.49333299999999979);
INSERT INTO recordings VALUES(108,'2025-05-22 15:35:38','Learning Lab',30,11,2.5,199,75.1999969999999962,2.5066670000000002);
INSERT INTO recordings VALUES(109,'2025-05-22 15:37:02','Learning Lab',30,11,2.5,181,68.0,2.26666699999999998);
INSERT INTO recordings VALUES(110,'2025-05-22 15:38:26','Learning Lab',30,11,2.5,184,69.1999969999999962,2.30666700000000002);
INSERT INTO recordings VALUES(111,'2025-05-22 15:39:49','Learning Lab',30,11,2.5,183,68.8000030000000038,2.2933340000000002);
INSERT INTO recordings VALUES(112,'2025-05-22 15:41:12','Learning Lab',30,11,2.5,187,70.4000020000000006,2.34666700000000005);
INSERT INTO recordings VALUES(113,'2025-05-22 15:42:36','Learning Lab',30,11,2.5,188,70.8000030000000038,2.35999999999999987);
INSERT INTO recordings VALUES(114,'2025-05-22 15:43:59','Learning Lab',30,11,2.5,191,72.0,2.39999999999999991);
INSERT INTO recordings VALUES(115,'2025-05-22 15:45:22','Learning Lab',30,11,2.5,195,73.5999979999999993,2.4533330000000002);
INSERT INTO recordings VALUES(116,'2025-05-22 15:46:44','Learning Lab',30,11,2.5,193,72.8000030000000038,2.42666700000000012);
INSERT INTO recordings VALUES(117,'2025-05-22 15:48:08','Learning Lab',30,11,2.5,191,72.0,2.39999999999999991);
INSERT INTO recordings VALUES(118,'2025-05-22 15:49:32','Learning Lab',30,11,2.5,181,68.0,2.26666699999999998);
INSERT INTO recordings VALUES(119,'2025-05-22 15:50:54','Learning Lab',30,11,2.5,199,75.1999969999999962,2.5066670000000002);
INSERT INTO recordings VALUES(120,'2025-05-22 15:57:50','C140',154,6,2.0,62,28.0,0.181818000000000007);
INSERT INTO recordings VALUES(121,'2025-05-22 15:59:14','C140',154,6,2.0,24,9.0,0.0584420000000000008);
INSERT INTO recordings VALUES(122,'2025-05-22 15:59:56','C140',154,6,2.0,13,3.5,0.0227270000000000006);
INSERT INTO recordings VALUES(123,'2025-05-22 16:00:36','C140',154,6,2.0,12,3.0,0.0194809999999999983);
INSERT INTO recordings VALUES(124,'2025-05-22 16:01:20','C140',154,6,2.0,5,0.0,0.0);
INSERT INTO recordings VALUES(125,'2025-05-22 16:01:49','C140',154,6,2.0,5,0.0,0.0);
INSERT INTO recordings VALUES(126,'2025-05-22 16:03:06','C140',154,6,2.0,10,2.0,0.0129870000000000002);
INSERT INTO recordings VALUES(127,'2025-05-22 16:03:58','C140',154,6,2.0,6,0.0,0.0);
INSERT INTO recordings VALUES(128,'2025-05-22 16:05:06','C140',154,6,2.0,17,5.5,0.0357140000000000026);
INSERT INTO recordings VALUES(129,'2025-05-22 16:05:33','C140',154,6,2.0,11,2.5,0.0162339999999999984);
INSERT INTO recordings VALUES(130,'2025-05-22 16:06:49','C140',154,6,2.0,9,1.5,0.00974000000000000039);
INSERT INTO recordings VALUES(131,'2025-05-22 16:07:12','C140',154,6,2.0,3,0.0,0.0);
INSERT INTO recordings VALUES(132,'2025-05-22 16:07:58','C140',154,6,2.0,4,0.0,0.0);
INSERT INTO recordings VALUES(133,'2025-05-22 16:08:27','C140',154,6,2.0,12,3.0,0.0194809999999999983);
INSERT INTO recordings VALUES(134,'2025-05-22 16:08:56','C140',154,6,2.0,24,9.0,0.0584420000000000008);
INSERT INTO recordings VALUES(135,'2025-05-22 16:10:11','C140',154,6,2.0,30,12.0,0.0779220000000000051);
INSERT INTO recordings VALUES(136,'2025-05-22 16:10:51','C140',154,6,2.0,19,6.5,0.0422080000000000024);
INSERT INTO recordings VALUES(137,'2025-05-22 16:11:21','C140',154,6,2.0,31,12.5,0.081169000000000005);
INSERT INTO recordings VALUES(138,'2025-05-22 16:12:40','C140',154,6,2.0,23,8.5,0.055195000000000001);
INSERT INTO recordings VALUES(139,'2025-05-22 16:13:59','C140',154,6,2.0,8,1.0,0.00649399999999999977);
INSERT INTO recordings VALUES(140,'2025-05-22 16:14:59','C140',154,6,2.0,3,0.0,0.0);
INSERT INTO recordings VALUES(141,'2025-05-22 16:15:33','C140',154,6,2.0,4,0.0,0.0);
INSERT INTO recordings VALUES(142,'2025-05-22 16:16:05','C140',154,6,2.0,3,0.0,0.0);
INSERT INTO recordings VALUES(143,'2025-05-22 16:16:26','C140',154,6,2.0,4,0.0,0.0);
INSERT INTO recordings VALUES(144,'2025-05-22 16:17:53','C140',154,6,2.0,2,0.0,0.0);
INSERT INTO recordings VALUES(145,'2025-05-22 16:54:20','C140',154,4,2.0,8,2.0,0.0129870000000000002);
INSERT INTO recordings VALUES(146,'2025-05-22 16:55:56','C140',154,4,2.0,8,2.0,0.0129870000000000002);
INSERT INTO recordings VALUES(147,'2025-05-22 16:57:14','C140',154,4,2.0,5,0.5,0.00324699999999999988);
INSERT INTO recordings VALUES(148,'2025-05-22 16:58:18','C140',154,4,2.0,3,0.0,0.0);
INSERT INTO recordings VALUES(149,'2025-05-22 17:01:22','C140',154,4,2.0,8,2.0,0.0129870000000000002);
INSERT INTO recordings VALUES(150,'2025-05-22 17:01:56','C140',154,4,2.0,8,2.0,0.0129870000000000002);
INSERT INTO recordings VALUES(151,'2025-05-22 17:03:08','C140',154,4,2.0,12,4.0,0.0259740000000000005);
INSERT INTO recordings VALUES(152,'2025-05-22 17:04:32','C140',154,4,2.0,13,4.5,0.0292210000000000004);
INSERT INTO recordings VALUES(153,'2025-05-22 17:05:55','C140',154,4,2.0,14,5.0,0.0324679999999999968);
INSERT INTO recordings VALUES(154,'2025-05-22 17:07:19','C140',154,4,2.0,13,4.5,0.0292210000000000004);
INSERT INTO recordings VALUES(155,'2025-05-22 17:08:46','C140',154,4,2.0,9,2.5,0.0162339999999999984);
INSERT INTO recordings VALUES(156,'2025-05-22 17:10:10','C140',154,4,2.0,8,2.0,0.0129870000000000002);
INSERT INTO recordings VALUES(157,'2025-05-22 17:11:33','C140',154,4,2.0,9,2.5,0.0162339999999999984);
INSERT INTO recordings VALUES(158,'2025-05-22 17:46:43','Learning Lab',40,90,2.5,85,0.0,0.0);
INSERT INTO recordings VALUES(159,'2025-05-22 17:48:08','Learning Lab',40,80,2.5,82,0.800000000000000044,0.0200000000000000004);
INSERT INTO recordings VALUES(160,'2025-05-22 17:49:37','Learning Lab',40,80,2.5,89,3.60000000000000008,0.0899999999999999966);
CREATE TABLE room_info (
	room VARCHAR NOT NULL, 
	capacity INTEGER NOT NULL, 
	PRIMARY KEY (room)
);
INSERT INTO room_info VALUES('Learning Lab',30);
INSERT INTO room_info VALUES('C140',154);
COMMIT;
